post	similarity
news	1
worldnews	0.995715234
nottheonion	0.9947894405
politics	0.9862552667
environment	0.9779390349
australia	0.9750849707
TrueReddit	0.9727677294
chicago	0.9691902456
Foodforthought	0.9596684289
horror	0.9562396803
evolutionReddit	0.952972854
postrock	0.9516129104
restorethefourth	0.9516129104
Feminism	0.9507739901
philadelphia	0.9493997002
offbeat	0.9489807156
science	0.9481722815
gallifrey	0.9479271977
education	0.9479271977
Politics_Uncensored	0.9479271977
ebola	0.9479271977
NSALeaks	0.9479271977
RedditThroughHistory	0.9479271977
post similarity
obama	0.9479271977
metacanada	0.9479271977
oil	0.9479271977
BotanicalPorn	0.9479271977
Hungergames	0.9479271977
spaceflight	0.9479271977
Health	0.9479271977
Economics	0.9388788367
Futurology	0.9312060642
UpliftingNews	0.9295235729
todayilearned	0.928543768
UkrainianConflict	0.9266762554
FloridaMan	0.9259218098
canada	0.9174794561
business	0.914404601
television	0.9136077283
skeptic	0.9121054411
technology	0.9100622588
europe	0.909307342
StLouis	0.9079972792
democrats	0.9045802284
Israel	0.9029004898
WikiLeaks	0.9024805551
bayarea	0.9024805551
cocktails	0.9024805551
collapse	0.9024805551
FellowKids	0.9024805551
unitedkingdom	0.9019184464
scifi	0.8978197569
tech	0.8962244743
Physics	0.8937121571
Colts	0.893273331
KotakuInAction	0.8928606087
Libertarian	0.8909497267
newjersey	0.8893902028
Bad_Cop_No_Donut	0.8861257291
psychology	0.8838559284
lgbt	0.8818557795
privacy	0.8785818431
gadgets	0.876218109
socialism	0.8716087398
conspiracy	0.8682328022
books	0.8630490528
pcgaming	0.8615723436
movies	0.859510987
humor	0.8562958996
progressive	0.8554372744
sanfrancisco	0.8522083532
JusticePorn	0.8517933711
nyc	0.8506027562
google	0.8464194614
programming	0.8447725554
nintendo	0.8425008517
Seahawks	0.8420831482
EatCheapAndHealthy	0.8419306778
sweden	0.8410615019
xboxone	0.8400281567
BABYMETAL	0.8395888385
Android	0.8368382632
Python	0.8365742327
DotA2	0.8342867171
history	0.8330800571
MensRights	0.8316876535
dataisbeautiful	0.8294515588
hiphopheads	0.8288627779
electronic_cigarette	0.8273256113
starcraft	0.8271260794
Games	0.8264592414
ukraina	0.8261884344
NASCAR	0.824511071
Winnipeg	0.8243618922
Monstercat	0.8241441757
CFB	0.8231686814
Bitcoin	0.8223520118
Military	0.8198827802
Music	0.8144839417
GlobalOffensive	0.8132750156
web_design	0.8128688726
soccer	0.8126081522
kpop	0.8124095971
javascript	0.8112564328
SquaredCircle	0.8078632124
3DS	0.8070520946
windowsphone	0.8070275193
starcitizen	0.8067559728
ImaginaryTechnology	0.8046231776
hockey	0.8039991853
cars	0.8030656203
marvelstudios	0.8013522535
heroesofthestorm	0.8006466507
smashbros	0.800023234
community	0.7991639934
nfl	0.798912957
motorcycles	0.7982444365
PS4	0.7971310624
baseball	0.7971127563
netsec	0.7969510029
bindingofisaac	0.7969268771
tf2	0.7962082353
WeAreTheMusicMakers	0.7961067398
Cyberpunk	0.792124173
analog	0.7915814739
linux	0.7907046776
metalgearsolid	0.7903254513
CityPorn	0.7897156348
raspberry_pi	0.7895974171
startrek	0.7890124619
formula1	0.7887220401
nba	0.7884006243
ProtectAndServe	0.7883972565
ukpolitics	0.7883618418
Meditation	0.7880646996
TheLastAirbender	0.7879808332
TreesSuckingAtThings	0.7877675574
LeagueOfMemes	0.7874704151
anime	0.7872581021
GreenBayPackers	0.7871732729
SpecArt	0.7871732729
ProgrammerHumor	0.787094682
Planetside	0.7870818363
mexico	0.786709915
roosterteeth	0.7863089498
FinalFantasy	0.7862627763
gaybros	0.7839591124
everymanshouldknow	0.7832807347
quityourbullshit	0.7830497225
bicycling	0.7827121755
lego	0.7824550942
wiiu	0.7822801974
miamidolphins	0.7817781879
Metal	0.7817553721
geek	0.7817162949
travel	0.7813361852
rage	0.7799322275
wallpaper	0.7795665899
JonTron	0.7794755863
Gunners	0.7794391852
oculus	0.7792229306
sports	0.7789130215
worldbuilding	0.7784913929
see	0.7781976661
gamegrumps	0.777983732
ravens	0.7778637651
xkcd	0.7776335049
DnD	0.7757904651
TwoXChromosomes	0.7756421541
photography	0.7756074745
wow	0.7755642164
frugalmalefashion	0.7751725594
malefashionadvice	0.7747303379
LosAngeles	0.7745404618
toosoon	0.7724395717
atheism	0.7711126996
paradoxplaza	0.7695764783
shittykickstarters	0.7693944698
Steam	0.7692957743
toronto	0.7691168386
Frisson	0.7691002669
Cynicalbrit	0.7686664356
comicbooks	0.7685580955
FIFA	0.7684844271
Patriots	0.7683934228
classicalmusic	0.7683024185
apple	0.7677446875
GamePhysics	0.7672110692
memes	0.7664525892
CampingandHiking	0.7664525892
mylittlepony	0.7659633767
calvinandhobbes	0.7649011396
sandiego	0.76476055
Filmmakers	0.7642917617
iphone	0.7642186474
Portland	0.7632676162
doctorwho	0.7627530476
Chromecast	0.7620647538
delusionalartists	0.7619550656
boston	0.7616190404
SSBPM	0.7614581477
writing	0.7613609205
lewronggeneration	0.7609461026
vancouver	0.760817323
magicTCG	0.760703526
MachinePorn	0.7602974071
Eminem	0.7602974071
phish	0.7602974071
civ	0.7600251105
Austin	0.7597610949
TumblrInAction	0.7591512454
3Dprinting	0.7588629012
audioengineering	0.7588629012
MLS	0.7588629012
nova	0.7588629012
philosophy	0.7584429665
Drugs	0.7581503425
Honda	0.7580230318
webdev	0.7580230318
treecomics	0.7580230318
Aquariums	0.7580230318
ArchitecturePorn	0.7580230318
ImaginaryWesteros	0.7580230318
shutupandtakemymoney	0.7580230318
LiverpoolFC	0.7580230318
EverythingScience	0.7580230318
Chargers	0.757915268
TwoBestFriendsPlay	0.757678834
Cricket	0.7572283451
nexus6	0.7565140685
cordcutters	0.7560654019
mindcrack	0.7554245579
dogecoin	0.7546847045
im14andthisisdeep	0.7546536016
Astronomy	0.7540513639
furry	0.7540513639
TinyHouses	0.7532990578
AbandonedPorn	0.7527929213
MilitaryPorn	0.7525802031
GamerGhazi	0.752407631
battlefield_4	0.7522143561
chromeos	0.7519739645
PandR	0.7518311363
MURICA	0.7517677043
corgi	0.7514994179
InternetIsBeautiful	0.7513439939
kpics	0.7505105882
GrandTheftAutoV	0.7501462608
EarthPorn	0.7498795659
Seattle	0.7492721103
harrypotter	0.7491684016
EliteDangerous	0.7490580514
childfree	0.7489149458
CombatFootage	0.7488410489
trap	0.7488410489
rickandmorty	0.7488364265
itookapicture	0.7486774413
Sneakers	0.7485512755
SkyPorn	0.7485512755
trees	0.7485278469
ExpectationVsReality	0.7474791763
Anarchism	0.7460471758
AndroidGaming	0.7458450519
shittyrobots	0.7452632202
MapPorn	0.7451286441
PKA	0.7450809198
spaceporn	0.744825326
Eve	0.7443311182
halo	0.7442859374
mashups	0.7442509696
glitch_art	0.7438530453
entertainment	0.7437365394
Design	0.743204334
jailbreak	0.7431749905
TopGear	0.7429940822
fatlogic	0.7428409086
keto	0.7424263182
progmetal	0.7418783278
NoFap	0.7418783278
BMW	0.7416589148
Christianity	0.7416589148
headphones	0.7414395017
TalesFromYourServer	0.7412200887
MadeMeSmile	0.7410988875
FlashTV	0.7408227755
masseffect	0.7407812626
ImaginaryLandscapes	0.7407812626
circlejerk	0.7400334901
TheSimpsons	0.7397976774
RedditLaqueristas	0.7391970358
torontoraptors	0.7391175457
aviation	0.7381786045
space	0.7380849525
Psychonaut	0.7378971517
FoodPorn	0.736659695
Frugal	0.7359048291
dayz	0.7353038663
dbz	0.7339252653
webcomics	0.7339252653
TrollXChromosomes	0.7334441899
TheWayWeWere	0.7333041805
Art	0.7325783194
AdviceAnimals	0.7325215006
nononono	0.7325152035
TsundereSharks	0.7322947485
pcmasterrace	0.7307792025
ClashOfClans	0.7302853127
LadyBoners	0.7300725525
running	0.7299514983
arrow	0.7298040136
steelers	0.7296743219
teenagers	0.7294563662
gaming	0.7291506457
educationalgifs	0.7288904283
Braveryjerk	0.7288273049
awwnime	0.728139023
misc	0.728139023
astrophotography	0.7275797045
skateboarding	0.7267188587
TrollYChromosome	0.726537948
PixelArt	0.7260744329
wallpapers	0.7258145923
DunderMifflin	0.7258117003
secretsanta	0.725694458
blog	0.724993462
pokemon	0.7245246918
gameofthrones	0.724086259
PropagandaPosters	0.7236737582
Graffiti	0.7236737582
photocritique	0.7236737582
HouseOfCards	0.7236737582
nonononoyes	0.7232073147
Minecraft	0.7229427036
zelda	0.722077862
AmericanHorrorStory	0.7219266865
SkincareAddiction	0.7215391743
firefly	0.7214438096
lifehacks	0.7210321388
batman	0.7206303816
blackpeoplegifs	0.7199972671
Atlanta	0.719389043
KillLaKill	0.7192548587
hearthstone	0.718860708
guns	0.7188140682
india	0.7188102628
whitepeoplegifs	0.7180623149
FifthWorldPics	0.7180623149
ImaginaryMonsters	0.7171754413
cosplaygirls	0.7159033173
fatpeoplehate	0.7153051213
detroitlions	0.7151896964
animation	0.7147697618
ANormalDayInRussia	0.7140967657
techsupportgore	0.7138904303
electronicmusic	0.7138744813
skyrim	0.7137696544
MechanicalKeyboards	0.7136303377
futurama	0.7132859189
food	0.7115363325
GirlGamers	0.7109903498
engineering	0.7101504805
worldcup	0.7101504805
CHIBears	0.7100105023
oregon	0.7097305458
puns	0.7097305458
footballmanagergames	0.7097305458
newzealand	0.7097305458
washingtondc	0.7097305458
MotoX	0.7097305458
HomestarRunner	0.7097305458
shubreddit	0.7097305458
Calgary	0.7097305458
socialskills	0.7097305458
fatpeoplestories	0.7097305458
xbox360	0.7097305458
StarWarsLeaks	0.7097305458
rangers	0.7097305458
Scotland	0.7097305458
NewOrleans	0.7097305458
warriors	0.7097305458
minnesotavikings	0.7097305458
Pathfinder_RPG	0.7097305458
polyamory	0.7097305458
conspiratard	0.7097305458
KerbalSpaceProgram	0.7097016744
montageparodies	0.7095691925
eu4	0.7093106112
gopro	0.7093106112
stlouisblues	0.7093106112
climbing	0.7093106112
JurassicPark	0.7093106112
MitchellAndWebb	0.7093106112
piano	0.7093106112
titanfall	0.7093106112
iamverysmart	0.7091786028
Watches	0.709170633
paydaytheheist	0.709170633
awesome	0.7088906765
Damnthatsinteresting	0.7088906765
Delightfullychubby	0.7088906765
foodhacks	0.7088906765
ffxiv	0.7088906765
twitchplayspokemon	0.7088906765
Volkswagen	0.7088906765
lolcats	0.7088906765
breathinginformation	0.7088906765
Homebrewing	0.7088906765
Watchexchange	0.7088906765
blunderyears	0.7088906765
screenshots	0.7088906765
Moustache	0.7088906765
eatsandwiches	0.7088906765
Stance	0.7088906765
Hedgehog	0.7088906765
fountainpens	0.7088906765
homeland	0.7088906765
shiba	0.7088906765
InsideGaming	0.7088906765
michaelbaygifs	0.7088906765
EDC	0.7088906765
ArianaGrande	0.7088906765
AlisonBrie	0.7088906765
steinsgate	0.7088906765
8chan	0.7088906765
Jeep	0.7088906765
deadpool	0.7088906765
ftlgame	0.7088906765
Bulldogs	0.7088906765
gaybrosgonemild	0.7088906765
Conservative	0.7088906765
NYGiants	0.7088906765
powerwashingporn	0.7088906765
SkyrimPorn	0.7088906765
niceguys	0.7088906765
Ladybonersgonecuddly	0.7088906765
Robocraft	0.7088906765
dwarffortress	0.7088906765
Helicopters	0.7088906765
vita	0.7088906765
lostgeneration	0.7088906765
SRSGaming	0.7088906765
Portal	0.7088906765
DenverBroncos	0.7088906765
listentothis	0.708631283
battlestations	0.7084777393
KitchenConfidential	0.7083580139
somethingimade	0.7074206541
fffffffuuuuuuuuuuuu	0.7074206541
cringepics	0.7069151117
NetflixBestOf	0.7067882592
adventuretime	0.706776735
shittyfoodporn	0.7067194794
ShittyLifeProTips	0.7065712157
interestingasfuck	0.7065396424
woahdude	0.7065277956
runescape	0.7064655612
Terraria	0.7064655612
Heavymind	0.7064655612
vinyl	0.7059225302
ultrahardcore	0.7054955369
standupshots	0.7054944983
Yogscast	0.7053286838
leagueoflegends	0.7051819157
army	0.7051618307
serialpodcast	0.7051618307
southpark	0.7048297081
melbourne	0.7048281246
Justrolledintotheshop	0.7047312141
popping	0.7044944184
LearnUselessTalents	0.7043857183
Coffee	0.7041607122
flying	0.7041607122
HumanPorn	0.7041607122
WarshipPorn	0.7041607122
gardening	0.7041607122
ShittyMapPorn	0.7041607122
gentlemanbonersgifs	0.7041607122
techsupportmacgyver	0.7041607122
crafts	0.7041607122
gravityfalls	0.7036766624
cats	0.702803993
carporn	0.7026139169
lotr	0.7022150144
homestuck	0.7020275145
hardbodies	0.7015413649
Perfectfit	0.7015413649
IASIP	0.7009877639
minimalism	0.7001700688
notreallyfamous	0.6998775906
gif	0.6995241816
OldSchoolCool	0.6990825228
MakeupAddiction	0.698304541
2spooky4me	0.698187878
GetMotivated	0.6981027476
Purdue	0.6980614755
freebies	0.6980614755
Xcom	0.6980614755
notcosplaygirls	0.6980614755
Everton	0.6980614755
britishcolumbia	0.6980614755
ireland	0.6980614755
CoDCompetitive	0.6980614755
ads	0.6980614755
Metric	0.6980614755
django	0.6980614755
ghibli	0.6980614755
AdvancedFitness	0.6980614755
ReverseEngineering	0.6980614755
BasicIncome	0.6980614755
Tsunderes	0.6980614755
digitalnomad	0.6980614755
eldertrees	0.6980614755
LevantineWar	0.6980614755
adrenaline	0.6980614755
GifSound	0.6980614755
compsci	0.6980614755
Shortfilms	0.6980614755
CatholicMemes	0.6980614755
japan	0.6980614755
TwinCities	0.6980614755
duckduckgo	0.6980614755
starwarsmemes	0.6980614755
Infographics	0.6980614755
redneckengineering	0.6980614755
economy	0.6980614755
java	0.6980614755
singularity	0.6980614755
CatGifs	0.6980614755
ADHD	0.6973549288
Morrowind	0.6970800708
Nexus5	0.6970800708
heat	0.6970800708
futurebeats	0.6965303548
Anarcho_Capitalism	0.6965303548
PublicFreakout	0.6965303548
pranks	0.6965303548
thenetherlands	0.6965303548
farcry	0.6965303548
AlienBlue	0.6965303548
Frugal_Jerk	0.6965303548
jakeandamir	0.6965303548
oneplus	0.6965303548
woodworking	0.6965303548
uwotm8	0.6965303548
2007scape	0.6965303548
nerdfighters	0.6965303548
sportsarefun	0.6962554969
EditingAndLayout	0.6959806389
mycology	0.6959806389
fireemblem	0.6959806389
punchablefaces	0.6959806389
Blep	0.6959806389
pitbulls	0.6959806389
GunPorn	0.6959806389
cute	0.6959806389
4x4	0.6959806389
shorthairedhotties	0.6959806389
SFGiants	0.6959806389
Sherlock	0.6959806389
Rabbits	0.6959806389
FancyFollicles	0.6959806389
halloween	0.6959806389
HIFW	0.6959806389
Bioshock	0.6959806389
maisiewilliams	0.6959806389
AnimalCrossing	0.6959806389
OSHA	0.6959806389
Chihuahua	0.6959806389
vertical	0.6959806389
ThingsCutInHalfPorn	0.6959806389
AsianCuties	0.6959806389
cableporn	0.6959806389
SNSD	0.6959806389
upvotegifs	0.6959806389
AdPorn	0.6959806389
chemistry	0.6959806389
OkCupid	0.6959806389
Shitty_Watercolour	0.6959806389
rupaulsdragrace	0.6959806389
RedditDayOf	0.6959806389
pics	0.6957645727
ArtefactPorn	0.695702015
bertstrips	0.6926683161
tumblr	0.6925918424
beards	0.6919110649
Whatcouldgowrong	0.6914098416
ArcherFX	0.690795089
EmmaWatson	0.6905194135
vexillology	0.6901319684
oddlysatisfying	0.6899523992
youdontsurf	0.6896130103
rpg	0.689274232
CodAW	0.6888270243
aww	0.6882883682
RoomPorn	0.687966956
perfectloops	0.6875034124
CrappyDesign	0.6873044208
happy	0.6870192371
cosplay	0.6864130959
mildlyinteresting	0.6861757008
StandUpComedy	0.6860360132
funny	0.6845251436
whatisthisthing	0.6842280446
firstworldanarchists	0.6833743923
thatHappened	0.6830543714
oldpeoplefacebook	0.6827243305
falcons	0.6824064012
financialindependence	0.6822047561
thewalkingdead	0.6821996285
UnexpectedThugLife	0.6819782779
Tinder	0.6819118206
daddit	0.6811965305
knitting	0.6811965305
LSD	0.6811965305
gatech	0.6811965305
brokengifs	0.6807932403
ladybeards	0.6807932403
bitchimabus	0.6807932403
Baking	0.6807932403
Eyebleach	0.6807932403
VolleyballGirls	0.6807932403
mildlypenis	0.6807932403
CozyPlaces	0.6807932403
subaru	0.6807932403
ExposurePorn	0.6807932403
EmmaStone	0.6807932403
streetart	0.6807932403
Marvel	0.6804527848
math	0.6799155987
forwardsfromgrandma	0.6798157565
alternativeart	0.6798157565
DCcomics	0.6789616333
fantasyfootball	0.6785532106
comics	0.6776545924
asoiaf	0.6769302254
4chan	0.6769295251
wheredidthesodago	0.6767455449
arresteddevelopment	0.6766065974
PoliticalHumor	0.6763831617
notinteresting	0.6752795498
gamecollecting	0.6746726905
crochet	0.6746726905
facepalm	0.6741004051
mildlyinfuriating	0.6736393467
dogpictures	0.6730514016
combinedgifs	0.6725136308
gifs	0.6717583317
thesims	0.6716666037
Awwducational	0.671631818
holdmybeer	0.6714386125
osugame	0.6703975854
tattoos	0.670059654
drunk	0.6697070042
Sonsofanarchy	0.6694458217
StarshipPorn	0.6694458217
Stargate	0.6694458217
tall	0.6694458217
DaftPunk	0.6694458217
StartledCats	0.6694458217
DadReflexes	0.6694458217
HipHopImages	0.6694458217
sex	0.6679534223
StarWars	0.6674432984
shittyreactiongifs	0.667382534
Shitty_Car_Mods	0.6671221987
nostalgia	0.6654184532
firstworldproblems	0.6649144069
creepyPMs	0.6640635574
me_irl	0.663231535
videos	0.663012606
babyelephantgifs	0.6614129107
IdiotsFightingThings	0.6612401363
BlackPeopleTwitter	0.661109593
Autos	0.661109593
redditgetsdrawn	0.661109593
AnimalsBeingDerps	0.661109593
progresspics	0.6604223561
Fallout	0.6600895596
creepy	0.6595910003
HighQualityGifs	0.6582103492
WastedGifs	0.6577593239
spongebob	0.6577593239
foxes	0.6576484269
winterporn	0.6560395232
misleadingthumbnails	0.6559557629
PrettyGirls	0.6548292911
london	0.6548292911
Cinemagraphs	0.6520782517
futureporn	0.6513082007
dragonage	0.6513082007
AnimalsBeingBros	0.6510711283
Unexpected	0.6506438456
NotTimAndEric	0.6506344061
gifextra	0.6499606115
QuotesPorn	0.6472874846
195	0.6462586013
buildapc	0.642345724
TheRedPill	0.6405153461
chemicalreactiongifs	0.6403352228
DIY	0.6393257152
AnimalsBeingJerks	0.6359910097
HFY	0.6347081179
sysadmin	0.6334345451
CyanideandHappiness	0.6333127737
reactiongifs	0.6332336842
shield	0.6320634464
PenmanshipPorn	0.6308557903
Naruto	0.6305571218
androidcirclejerk	0.629907509
AnythingGoesNews	0.6297842142
SpeculativeEvolution	0.6290578604
vegan	0.6290578604
PerfectTiming	0.6285972002
realasians	0.6285656206
ContagiousLaughter	0.6267642862
Documentaries	0.6260129572
Pareidolia	0.6255479474
gentlemanboners	0.6246181567
polandball	0.6243237942
screamingfish	0.6232470296
deepseacreatures	0.6232470296
respectporn	0.6232470296
cs50	0.6232470296
GunsAreCool	0.6232470296
windows	0.6225206758
cringe	0.6224622206
youtubehaiku	0.6210067942
photoshopbattles	0.6182136078
Arkansas	0.6174361989
brasil	0.6169910988
florida	0.6167098451
ProRevenge	0.6145307835
DestinyTheGame	0.6145307835
explainlikeimfive	0.6145307835
LifeProTips	0.6145307835
talesfromtechsupport	0.6145307835
Glitch_in_the_Matrix	0.6145307835
TalesFromRetail	0.6145307835
CrazyIdeas	0.6145307835
confession	0.6145307835
networking	0.6145307835
loseit	0.6145307835
FullLengthFilms	0.6145307835
AskHistorians	0.6145307835
darksouls	0.6145307835
YouShouldKnow	0.6145307835
quotes	0.6145307835
askscience	0.6145307835
matt	0.6145307835
realWoW	0.6145307835
casualiama	0.6145307835
AskMen	0.6145307835
NoStupidQuestions	0.6145307835
pimpcats	0.6145307835
politota	0.6145307835
needadvice	0.6145307835
pettyrevenge	0.6145307835
raisedbynarcissists	0.6145307835
Fitness	0.6145307835
KerbalMissions	0.6145307835
bodyweightfitness	0.6145307835
minecraftsuggestions	0.6145307835
Sidehugs	0.6145307835
assassinscirclejerk	0.6145307835
OutOfTheLoop	0.6145307835
Cooking	0.6145307835
ShitRedditSays	0.6145307835
sips	0.6145307835
glasgow	0.6145307835
assassinscreed	0.6145307835
Parenting	0.6145307835
MeanJokes	0.6145307835
truegaming	0.6145307835
oaklandraiders	0.6145307835
dogs	0.6145307835
LGG3	0.6145307835
ConspiracyGrumps	0.6145307835
askgaybros	0.6145307835
live	0.6145307835
tulsa	0.6145307835
rant	0.6145307835
CasualConversation	0.6145307835
exjw	0.6145307835
circlejerkcopypasta	0.6145307835
AskScienceFiction	0.6145307835
whowouldwin	0.6145307835
hacking	0.6145307835
FanTheories	0.6145307835
HistoricalWhatIf	0.6145307835
reddevils	0.6145307835
excel	0.6145307835
Dogtraining	0.6145307835
AmIFreeToGo	0.6145307835
Battlefield	0.6145307835
personalfinance	0.6145307835
Mommit	0.6145307835
AntiAntiJokes	0.6145307835
jobs	0.6145307835
AdamCarolla	0.6145307835
announcements	0.6145307835
GreatApes	0.6145307835
relationships	0.6145307835
Liverpool	0.6145307835
trackers	0.6145307835
Prismata	0.6145307835
airz23	0.6145307835
incremental_games	0.6145307835
explainlikeIAmA	0.6145307835
orioles	0.6145307835
shortscarystories	0.6145307835
SiliconValleyHBO	0.6145307835
edmproduction	0.6145307835
labrats	0.6145307835
shitpost	0.6145307835
Buffalo	0.6145307835
swordartonline	0.6145307835
Aftermath1231	0.6145307835
Smite	0.6145307835
latterdaysaints	0.6145307835
Twitch	0.6145307835
HailCorporate	0.6145307835
DarkSouls2	0.6145307835
Guitar	0.6145307835
playrust	0.6145307835
PoliticalDiscussion	0.6145307835
LatvianJokes	0.6145307835
femalefashionadvice	0.6145307835
rawdenim	0.6145307835
arduino	0.6145307835
techsupport	0.6145307835
TrueFilm	0.6145307835
PointlessStories	0.6145307835
archeage	0.6145307835
exmormon	0.6145307835
undelete	0.6145307835
languagelearning	0.6145307835
AgainstGamerGate	0.6145307835
intrusivethoughts	0.6145307835
self	0.6145307835
CanadaPolitics	0.6145307835
KansasCityChiefs	0.6145307835
modnews	0.6145307835
fifthworldproblems	0.6145307835
venn177csstest	0.6145307835
shittyaskreddit	0.6145307835
NHLStreams	0.6145307835
barricade	0.6145307835
onions	0.6145307835
WouldYouRather	0.6145307835
boardgames	0.6145307835
atmidnight	0.6145307835
nocontext	0.6145307835
depression	0.6145307835
buffalobills	0.6145307835
gamedev	0.6145307835
coys	0.6145307835
UCSantaBarbara	0.6145307835
PuzzleAndDragons	0.6145307835
TrueDoTA2	0.6145307835
makemychoice	0.6145307835
Overwatch	0.6145307835
Pets	0.6145307835
DepthHub	0.6145307835
circlebroke2	0.6145307835
Borderlands	0.6145307835
pittsburgh	0.6145307835
grandrapids	0.6145307835
catsvstechnology	0.6145307835
ello2	0.6145307835
Miami	0.6145307835
findareddit	0.6145307835
LetsNotMeet	0.6145307835
Chattanooga	0.6145307835
pussypassdenied	0.6145307835
gtaonline	0.6145307835
Barca	0.6145307835
ShaqHoldingThings	0.6145307835
starwarsprecut	0.6145307835
Detroit	0.6145307835
millionairemakers	0.6145307835
AntiJokes	0.6145307835
netflix	0.6145307835
Fireteams	0.6145307835
PlayStationPlus	0.6145307835
marketing	0.6145307835
EvilLeagueOfEvil	0.6145307835
subredditoftheday	0.6145307835
60fpsGamingGifs	0.6145307835
wowthissubexists	0.6145307835
circojeca	0.6145307835
POLITIC	0.6145307835
learnprogramming	0.6145307835
3amjokes	0.6145307835
badhistory	0.6145307835
erlang	0.6145307835
stopsmoking	0.6145307835
outside	0.6145307835
cscareerquestions	0.6145307835
SourceFed	0.6145307835
UnresolvedMysteries	0.6145307835
mishacollins	0.6145307835
highdeas	0.6145307835
TrueAskReddit	0.6145307835
dailydot	0.6145307835
audiobooks	0.6145307835
retiredgif	0.6145307835
seduction	0.6145307835
flexibility	0.6145307835
Denver	0.6145307835
sixwordstories	0.6145307835
ainbow	0.6145307835
Foofighters	0.6145307835
speedrun	0.6145307835
CrusaderKings	0.6145307835
ccna	0.6145307835
Motivatinggiraffe	0.6145307835
TheoryOfReddit	0.6145307835
defaultgems	0.6145307835
titlegore	0.6145307835
ShitPoliticsSays	0.6145307835
redditrequest	0.6145307835
ArtisanVideos	0.6138044297
CommercialCuts	0.6138044297
SongStems	0.6138044297
Audiomemes	0.6138044297
fullmoviesonyoutube	0.6138044297
superman	0.6138044297
weightroom	0.6138044297
poppunkers	0.6138044297
blues	0.6138044297
MMA	0.6138044297
JoeRogan	0.6138044297
YMS	0.6138044297
clubesteban	0.6138044297
MotionDesign	0.6138044297
Prematurecelebration	0.6138044297
CGPGrey	0.6138044297
cocaine	0.6138044297
Good_Cop_Free_Donut	0.6138044297
amv	0.6138044297
nonononoyesno	0.6138044297
BatmanArkham	0.6138044297
AquaJail	0.6138044297
CinemaSins	0.6138044297
happycrowds	0.6138044297
CollegeBasketball	0.6138044297
treemusic	0.6138044297
mathrock	0.6138044297
swoleacceptance	0.6138044297
ParrotHeads	0.6138044297
moto360	0.6138044297
realdubstep	0.6138044297
saskatchewan	0.6138044297
Drifting	0.6138044297
chess	0.6138044297
WhatsInThisThing	0.6138044297
Roadcam	0.6138044297
sharks	0.6138044297
CourtroomJustice	0.6138044297
adery	0.6138044297
VentGrumps	0.6138044297
PlayItAgainSam	0.6138044297
House	0.6138044297
80sAlternative	0.6138044297
CalamariRaceTeam	0.6138044297
watch_dogs	0.6138044297
baww	0.6138044297
flyinglotus	0.6138044297
SpaceVideos	0.6138044297
TimAndEric	0.6138044297
SRSArmory	0.6138044297
dadjokes	0.613629807
WatchItForThePlot	0.613417676
Guildwars2	0.6130780758
comeonandslam	0.6130780758
MyPeopleNeedMe	0.6130780758
60framespersecond	0.6130780758
SakuraGakuin	0.6130780758
NLSSCircleJerk	0.6130780758
pinkfloyd	0.6130780758
chillmusic	0.6130780758
OneY	0.6130780758
golf	0.6130780758
Bacon	0.6130780758
streeteats	0.6130780758
AnimalPorn	0.6130780758
Browns	0.6130780758
Predators	0.6130780758
ImaginaryHorrors	0.6130780758
ImaginaryJedi	0.6130780758
BobsBurgers	0.6130780758
linux_gaming	0.6130780758
chrome	0.6130780758
bestofworldstar	0.6130780758
firefall	0.6130780758
facebookwins	0.6130780758
HybridAnimals	0.6130780758
Punny	0.6130780758
EngineeringPorn	0.6130780758
introvert	0.6130780758
guitarpedals	0.6130780758
reversegif	0.6130780758
InfrastructurePorn	0.6130780758
gonecivil	0.6130780758
awwwtf	0.6130780758
KarmaConspiracy	0.6130780758
ArtPorn	0.6130780758
DesignPorn	0.6130780758
Colorado	0.6130780758
Supernatural	0.6130780758
SuperShibe	0.6130780758
LeftHanging	0.6130780758
EDM	0.6130780758
catpictures	0.6130780758
nfffffffluuuuuuuuuuuu	0.6130780758
sloths	0.6130780758
CafeRacers	0.6130780758
French	0.6130780758
AnythingGoesPics	0.6130780758
softwaregore	0.6130780758
leafs	0.6130780758
PastAndPresentPics	0.6130780758
catpranks	0.6130780758
ledootgeneration	0.6130780758
IDAP	0.6130780758
Eesti	0.6130780758
shittyadviceanimals	0.6130780758
france	0.6130780758
Demotivational	0.6130780758
Offensive_Wallpapers	0.6130780758
sexygames	0.6130780758
birdswitharms	0.6130780758
greentext	0.6130780758
urbanexploration	0.6130780758
TheDarkTower	0.6130780758
donaldglover	0.6130780758
DesirePath	0.6130780758
howto	0.6130780758
ghettoglamourshots	0.6130780758
Firearms	0.6130780758
cutegirlgifs	0.6130780758
illusionporn	0.6130780758
typography	0.6130780758
Brooklyn	0.6130780758
DnDGreentext	0.6130780758
GotG	0.6130780758
KingOfTheHill	0.6130780758
FreckledGirls	0.6130780758
Gotham	0.6130780758
disney	0.6130780758
TheHobbit	0.6130780758
animenocontext	0.6130780758
TheFacebookDelusion	0.6130780758
ussoccer	0.6130780758
spiderbro	0.6130780758
California	0.6130780758
noisygifs	0.6130780758
BuyItForLife	0.6130780758
TumblrAtRest	0.6130780758
Harley	0.6130780758
SFWRedheads	0.6130780758
Mila_Kunis	0.6130780758
hayleywilliams	0.6130780758
YUROP	0.6130780758
Buddhism	0.6130780758
WorldofTanks	0.6130780758
norge	0.6130780758
seinfeld	0.6130780758
terriblefacebookmemes	0.6130780758
4ChanMeta	0.6130780758
shestillsucking	0.6130780758
majesticviews	0.6130780758
eyebombing	0.6130780758
Porsche	0.6130780758
PareidoliaGoneWild	0.6130780758
gaymers	0.6130780758
AdviceAtheists	0.6130780758
shittybattlestations	0.6130780758
Spiderman	0.6130780758
kateupton	0.6130780758
ZettaiRyouiki	0.6130780758
low_poly	0.6130780758
opieandanthony	0.6130780758
Animals	0.6130780758
thingsforants	0.6130780758
brisbane	0.6130780758
Gamingcirclejerk	0.6130780758
FullmetalAlchemist	0.6130780758
punk	0.6130780758
ThriftStoreHauls	0.6130780758
howyoudoin	0.6130780758
LV426	0.6130780758
germanshepherds	0.6130780758
AndroidMasterRace	0.6130780758
greece	0.6130780758
FortPorn	0.6130780758
PokemonInsurgence	0.6130780758
ColorizedHistory	0.6130780758
FractalPorn	0.6130780758
HIMYM	0.6130780758
RedditArmie	0.6130780758
wicked_edge	0.6130780758
touhou	0.6130780758
bonnaroo	0.6130780758
BostonTerrier	0.6130780758
straya	0.6130780758
investing	0.6130780758
pebble	0.6130780758
fivenightsatfreddys	0.6130780758
beatles	0.6130780758
Hot100	0.6130780758
Catloaf	0.6130780758
RWBY	0.6130780758
wildhockey	0.6130780758
Ooer	0.6130780758
architecture	0.6130780758
Flyers	0.6130780758
Iowa	0.6130780758
inmemoryof	0.6130780758
illinois	0.6130780758
Dinosaurs	0.6130780758
blender	0.6130780758
trailerparkboys	0.6130780758
knifeclub	0.6130780758
Trucks	0.6130780758
catsonglass	0.6130780758
itsaunixsystem	0.6130780758
comicbookart	0.6130780758
UnnecessaryCensorship	0.6130780758
thomasthedankengine	0.6130780758
osx	0.6130780758
FreeKarma	0.6130780758
duolingo	0.6130780758
grilledcheese	0.6130780758
googleglass	0.6130780758
ShittyQuotesPorn	0.6130780758
TaylorSwift	0.6130780758
Borderlands2	0.6130780758
origami	0.6130780758
parrots	0.6130780758
GODZILLA	0.6130780758
creepy_gif	0.6130780758
husky	0.6130780758
showerbeer	0.6130780758
glassheads	0.6130780758
VillagePorn	0.6130780758
Zappa	0.6130780758
TheAdventuresofTintin	0.6130780758
goldenretrievers	0.6130780758
FirePorn	0.6130780758
SHHHHHEEEEEEEEIIIITT	0.6130780758
BirdsBeingDicks	0.6130780758
TheDepthsBelow	0.6130780758
moviescirclejerk	0.6130780758
animegifs	0.6130780758
longbeach	0.6130780758
UnnecessaryQuotes	0.6130780758
SoundersFC	0.6130780758
TF2fashionadvice	0.6130780758
AdrenalinePorn	0.6130780758
CrohnsDisease	0.6130780758
familyguy	0.6130780758
EngineeringStudents	0.6130780758
MST3K	0.6130780758
SFM	0.6130780758
CastleClash	0.6130780758
biology	0.6130780758
Polandballart	0.6130780758
yesyesyesyesno	0.6130780758
AnimalTextGifs	0.6130780758
analogygifs	0.6130780758
drums	0.6130780758
Banished	0.6130780758
keming	0.6130780758
funnycharts	0.6130780758
hardcoreaww	0.6130780758
OregonStateUniv	0.6130780758
CrossView	0.6130780758
qotsa	0.6130780758
nongolfers	0.6130780758
behindthegifs	0.6130780758
stephenking	0.6130780758
gametales	0.6130780758
retrobattlestations	0.6130780758
discgolf	0.6130780758
MineralPorn	0.6130780758
prisonarchitect	0.6130780758
PussyPass	0.6130780758
mountandblade	0.6130780758
slowcooking	0.6130780758
MetalMemes	0.6130780758
muacirclejerk	0.6130780758
Mami	0.6130780758
thelastofus	0.6130780758
sadcomics	0.6130780758
sewing	0.6130780758
longboarding	0.6130780758
LifeasanNPC	0.6130780758
TheGirlSurvivalGuide	0.6130780758
FunnyandSad	0.6130780758
Shihtzu	0.6130780758
ShinyPokemon	0.6130780758
GrumpyCat	0.6130780758
thewholecar	0.6130780758
shrooms	0.6130780758
evangelion	0.6130780758
Columbus	0.6130780758
Gameboy	0.6130780758
magicskyfairy	0.6130780758
StonerPhilosophy	0.6130780758
EFLcomics	0.6130780758
Mustang	0.6130780758
malelivingspace	0.6130780758
onetruegod	0.6130780758
curlyhair	0.6130780758
Ingress	0.6130780758
BravestWarriors	0.6130780758
bleachshirts	0.6130780758
Fantasy	0.6130780758
BabyBumps	0.6130780758
snackexchange	0.6130780758
oliviawilde	0.6130780758
classiccars	0.6130780758
bannedfromclubpenguin	0.6130780758
weddingplanning	0.6130780758
spiders	0.6130780758
StonerEngineering	0.6130780758
actuallesbians	0.6130780758
beerwithaview	0.6130780758
katawashoujo	0.6130780758
redpandas	0.6130780758
spacex	0.6130780758
GTAV	0.6130780758
Images	0.6130780758
Fishing	0.6130780758
watercooling	0.6130780758
dndnext	0.6130780758
backpacking	0.6130780758
entwives	0.6130780758
transformers	0.6130780758
ottawa	0.6130780758
aiyu	0.6130780758
coding	0.6130780758
HannibalTV	0.6130780758
RetroFuturism	0.6130780758
gamingpc	0.6130780758
texas	0.6130780758
tea	0.6130780758
korea	0.6130780758
marijuanaenthusiasts	0.6130780758
PrettyGirlsUglyFaces	0.6130780758
DoctorWhumour	0.6130780758
shittyprogramming	0.6130780758
whatsthisbug	0.6130780758
bodybuilding	0.6130780758
eagles	0.6130780758
CaptchaArt	0.6130780758
asmr	0.6130780758
Treknobabble	0.6130780758
blackfriday	0.6130780758
spicy	0.6130780758
Indiemakeupandmore	0.6130780758
arma	0.6130780758
Pictures	0.6130780758
fuckingmanly	0.6130780758
katyperry	0.6130780758
ScottManley	0.6130780758
flightsim	0.6130780758
Romania	0.6130780758
Modern_Family	0.6130780758
zombies	0.6130780758
KingdomHearts	0.6130780758
HighlightGIFS	0.6130780758
ImageStabilization	0.6130780758
Warthunder	0.6130780758
chelseafc	0.6130780758
smashgifs	0.6130780758
Wellthatsucks	0.6130780758
Gaben	0.6130780758
mileycyrus	0.6130780758
CallOfDuty	0.6130780758
mechanical_gifs	0.6130780758
dontlookdown	0.6130780758
portugal	0.6130780758
wikipedia	0.6130780758
logophilia	0.6130780758
chicagobulls	0.6130780758
coolgithubprojects	0.6130780758
vim	0.6130780758
reddit.com	0.6130780758
losangeleskings	0.6130780758
xbmc	0.6130780758
IndieGaming	0.6130780758
Gaming4Gamers	0.6130780758
skiing	0.6130780758
nin	0.6130780758
copwatchnews	0.6130780758
Liberal	0.6130780758
DnB	0.6130780758
airhornremix	0.6130780758
Drama	0.6130780758
crossfit	0.6130780758
NoShitSherlock	0.6130780758
thewestwing	0.6130780758
wtfstockphotos	0.6130780758
WayForward	0.6130780758
Metroid	0.6130780758
gamernews	0.6130780758
beer	0.6130780758
nature	0.6130780758
bearsdoinghumanthings	0.6130780758
Calligraphy	0.6130780758
rails	0.6130780758
snakes	0.6130780758
StreetFights	0.6130780758
manga	0.6130780758
breakingbad	0.6122097152
bestof	0.6119672543
Showerthoughts	0.6114247268
shittyaskscience	0.6113248863
justneckbeardthings	0.608884344
worldpolitics	0.6070318336
IAmA	0.6037998893
instant_regret	0.6017378137
drawing	0.6001318969
HistoryPorn	0.5986088902
SubredditDrama	0.5975612856
DoesAnybodyElse	0.5969274587
WritingPrompts	0.5958829218
ImaginaryCharacters	0.5950371943
changemyview	0.594706997
tifu	0.5918479645
theydidthemath	0.5907795124
offmychest	0.5880301753
britishproblems	0.5864566915
nosleep	0.5762515359
DubbedGIFS	0.5600067461
MoviePosterPorn	0.5600067461
Jokes	0.5423652985
AskReddit	0.5387914869
DeepIntoYouTube	0.5362310248
AskWomen	0.5349298862
WTF	0.5172308967
BannedFrom4chan	0.5064101659
nextdoorasians	0.4862994355
classic4chan	0.4833311483
buildapcsales	0.4281043188
trashy	0.4273956687
USMC	0.4178408193
Celebs	0.379995344
coaxedintoasnafu	0.3485867376
GameDeals	0.287626866
MorbidReality	0.1064647097
opendirectories	0.0748498778
realrule34	0.0748498778
dolan	0.0748498778
FiftyFifty	0.0206545719
NSFW_GIF	0.0006015878
shewantstofuck	3.5431894796056E-005
WtSSTaDaMiT	-0.0021571171
rule34	-0.0024786387
watchpeopledie	-0.0028985734
GTWHSWithIwchabre	-0.0057753989
Hotchickswithtattoos	-0.0086376804
shygymnastsdoingporn	-0.0086808142
xxfitness	-0.0086808142
gonewildstories	-0.0086808142
AskRedditAfterDark	-0.0086808142
incest	-0.0086808142
holdthemoan	-0.0090077873
rearpussy	-0.0101335219
ginger	-0.0101335219
redheads	-0.0101335219
nsfwcosplay	-0.0101335219
grool	-0.0101335219
OnOff	-0.0101335219
patriciacaprice	-0.0101335219
Anjelica_Ebbi	-0.0101335219
Tgirls	-0.0101335219
datgap	-0.0101335219
hugeboobs	-0.0101335219
LipsThatGrip	-0.0101335219
THEGOLDSTANDARD	-0.0101335219
Boobies	-0.0101335219
GoneMild	-0.0101335219
BBW	-0.0101335219
tightdresses	-0.0101335219
fitgirls	-0.0101335219
AdviceHell	-0.0101335219
thighhighs	-0.0101335219
HappyEmbarrassedGirls	-0.0101335219
Amateur	-0.0101335219
burstingout	-0.0101335219
workgonewild	-0.0101335219
suicidegirls	-0.0101335219
TwinGirls	-0.0101335219
deepthroat	-0.0101335219
asiansinswimsuits	-0.0101335219
GirlswithGlasses	-0.0101335219
GWNerdy	-0.0101335219
NSFWFunny	-0.0101335219
PetiteGoneWild	-0.0101335219
altgonewild	-0.0101335219
happygirls	-0.0101335219
O_Faces	-0.0101335219
ladybonersgw	-0.0101335219
xsmallgirls	-0.0101335219
IndiansGoneWild	-0.0101335219
gonewildcolor	-0.0101335219
GirlsFinishingTheJob	-0.0101335219
metart	-0.0101335219
asstastic	-0.0101335219
spacedicks	-0.0101335219
ecchi	-0.0101335219
GoneWildPlus	-0.0101335219
dirtysmall	-0.0101335219
curvy	-0.0101335219
60fpsporn	-0.0101335219
Pegging	-0.0101335219
bimbofetish	-0.0101335219
watchitforthecat	-0.0101335219
fuxtaposition	-0.0101335219
thickloads	-0.0101335219
pornvids	-0.0101335219
joi	-0.0101335219
ass	-0.0108236246
AsianHotties	-0.0108236246
BustyPetite	-0.0108720549
gonewild	-0.0108795017
girlsinyogapants	-0.0109274313
gonewildcurvy	-0.0109274313
AsianPorn	-0.0110652202
AsiansGoneWild	-0.0112527808
ImGoingToHellForThis	-0.0113251989
nsfw	-0.0113527231
nsfw_gifs	-0.0115038122
milf	-0.0115038122
boltedontits	-0.0115038122
kpopfap	-0.0115038122
ConfusedBoners	-0.01163902
BigBoobsGW	-0.01163902
RealGirls	-0.0117155899
celebnsfw	-0.0117172013
WomenOfColor	-0.0122443184
